golden,48
set,82
warriorsvcavs,24
win,85
tuesday,82
tweetsfrom2,32
2nd,33
tonight,111
cleveland,107
nba,82
nbafinals,177
lebron,30
rt,213
oakland,31
&,30
),38
(,38
watching,35
looking,33
warriors,650
state,48
michaelcondrey,33
dubnation,55
7,21
6,144
forward,33
consecutive,33
cavs,62
today,23
...,150
championship,44
's,55
cavaliers,115
hololens,33
//t.co/bu12lnxfgr,79
v,23
nbafinals2015,21
game,194
basketball,19
let,22
tickets,18
amp,19
finals,29
mvp,21
gsw,29
l,20
face,85
?,52
night,89
curry,41
